input_arxiv_id,input_category,input_nclaims,input_question,input_run_trace,output_claims,output_complete_response,output_individual_response,output_nclaims
2204.08645v1,physics.ins-det,3, What are the main detectors proposed for the Electron-Ion Collider (EIC)? What are the optical processes involved in Cherenkov detectors? How is AI being utilized for imaging Cherenkov detectors at EIC?,https://smith.langchain.com/public/8a7701bd-64b6-4144-967f-35749a27ebf8/r,"[""Main detectors proposed for the Electron-Ion Collider (EIC)"", ""Optical processes involved in Cherenkov detectors"", ""Utilization of AI for imaging Cherenkov detectors at EIC""]"," All detector designs proposed for EIC have a dual radiator ring-imaging Cherenkov detector (dRICH) in the hadron direction, detection of internally reflected Cherenkov light (DIRC) in the barrel, and a modular-aerogel RICH (mRICH) in the electron direction. Cherenkov detectors involve optical processes with many photons that need to be tracked through complex surfaces, making these detectors relatively slow to simulate. AI is being utilized for optimizing the design of Cherenkov detectors and for reducing the computing budget necessary to explore a large number of design points., 
    ","[""dual radiator ring-imaging Cherenkov detector (dRICH), detection of internally reflected Cherenkov light (DIRC), and a modular-aerogel RICH (mRICH)"", ""Optical processes with many photons that need to be tracked through complex surfaces"", ""AI is being utilized for optimizing the design of Cherenkov detectors and for reducing the computing budget necessary to explore a large number of design points""]",3
2309.00818v1,physics.ins-det,2, What is the purpose of the high-granularity calorimeter insert for the Electron-Ion Collider (EIC)? What innovative features are used in its design?,https://smith.langchain.com/public/1a32c87e-6944-4241-a37e-a0f512e2db96/r,"[""Purpose of the high-granularity calorimeter insert for the Electron-Ion Collider (EIC)"", ""Innovative features used in the design of the high-granularity calorimeter insert""]"," The purpose of the high-granularity calorimeter insert for the Electron-Ion Collider (EIC) is to cover the range 3.2< ðœ‚ < 4.0 and to offer high granularity to enhance performance in measuring jets, and to manage radiation damage and beam-gas interactions effectively. Among its innovative features are an ASIC-away-of-SiPM strategy for reducing cooling requirements and minimizing space use, along with employing 3D-printed frames to reduce optical crosstalk and dead areas., 
    ","[""To cover the range 3.2< ðœ‚ < 4.0 and to offer high granularity"", ""ASIC-away-of-SiPM strategy for reducing cooling requirements and minimizing space use, employing 3D-printed frames to reduce optical crosstalk and dead areas""]",2
2202.06457v1,physics.ins-det,2, What is the radial size of the DIRC detector? What is the refractive index of the middle layer of the 3-layer lens?,https://smith.langchain.com/public/e3059638-e134-47f9-9968-3cc3d1331081/r,"[""radial size of the DIRC detector"", ""refractive index of the middle layer of the 3-layer lens""]","  The radial size of the DIRC detector is only 7-8 cm. The refractive index of the middle layer of the 3-layer lens is 1.786 at 380nm., 
    ","[""7-8 cm"", ""1.786""]",2
2211.09698v2,physics.ins-det,3, What are the three main contributions to the AC-LGAD time resolution?,https://smith.langchain.com/public/66d26b6e-790f-47df-ae7d-5d76f6c63b66/r,"[""What are the three main contributions to the AC-LGAD time resolution""]"," The three main contributions to the AC-LGAD time resolution are the Landau fluctuations in the ionization depth profile, the noise-induced jitter, and the effect of the arrival time delays., 
    ","[""Landau fluctuations in the ionization depth profile"", ""Noise-induced jitter"", ""Effect of the arrival time delays""]",3
2211.09698v2,physics.ins-det,2, What is the thickness of the gain layer in the AC-LGAD sensors? What is the operating voltage for the BNL 10-200 sensor?,https://smith.langchain.com/public/56e324ce-f977-4b54-8494-c98a4dfd8fbb/r,"[""thickness of the gain layer in the AC-LGAD sensors"", ""operating voltage for the BNL 10-200 sensor""]"," The gain layer in the AC-LGAD sensors is 50Âµm thick. The operating voltage for the BNL 10-200 sensor is 255V., 
    ","[""50Âµm"", ""255V""]",2
2210.04879v2,physics.ins-det,1, What is the proposed technology for the Forward Silicon Tracker (FST) detector at the future Electron-Ion Collider (EIC)?,https://smith.langchain.com/public/908ae1df-fc2a-459a-9c1a-630925e183a5/r,"[""proposed technology for the Forward Silicon Tracker (FST) detector at the future Electron-Ion Collider (EIC)""]"," The proposed technology for the Forward Silicon Tracker (FST) detector at the future Electron-Ion Collider (EIC) includes the Depleted Monolithic Active Pixel Sensor (DMAPS) and the AC coupled Low Gain Avalanche Diode (AC-LGAD).,
    ","[""Depleted Monolithic Active Pixel Sensor (DMAPS) and the AC coupled Low Gain Avalanche Diode (AC-LGAD)""]",1
2210.04879v2,physics.ins-det,2, What are the two advanced silicon technologies considered as candidates for the EIC silicon tracking detector? What is the proposed number of silicon disks for the Forward Silicon Tracker (FST) detector?,https://smith.langchain.com/public/bf139cd0-a473-4f32-8ed2-aaf3ec519bc9/r,"[""Two advanced silicon technologies considered as candidates for the EIC silicon tracking detector"", ""Proposed number of silicon disks for the Forward Silicon Tracker (FST) detector""]"," The two advanced silicon technologies considered as candidates for the EIC silicon tracking detector are the Depleted Monolithic Active Pixel Sensor (DMAPS) and the AC coupled Low Gain Avalanche Diode (AC-LGAD). The proposed number of silicon disks for the Forward Silicon Tracker (FST) detector is 5., 
    ","[""Depleted Monolithic Active Pixel Sensor (DMAPS) and the AC coupled Low Gain Avalanche Diode (AC-LGAD)"", ""5""]",2
2305.15593v1,physics.ins-det,3, What are the dimensions of the MAPS pixel layer in the EIC technology? How many layers of MAPS detector will be in EIC? What is the thickness of the MAPS layer?,https://smith.langchain.com/public/f3b9fed6-aa9e-42e3-aeec-d753cec894e9/r,"[""dimension of 'MAPS' pixel layer"", ""number of layers of 'MAPS' detector"", ""thickness of 'MAPS' layer""]"," The dimensions of the MAPS pixel layer are 10x10 mm. There are a total of 7 layers in the MAPS detector at EIC. The thickness of each layer of the MAPS detector is 5um., 
    ","[""10x10mm"", ""7"", ""5um""]",3
2112.10534v1,physics.ins-det,3, What is the timing resolution required for the LGAD detector in the TOPSiDE project? What is the timing resolution achieved in the simulation of the conceptual LGAD silicon detector? What is the timing resolution expected in the monolithic implementation of the LGAD detector?,https://smith.langchain.com/public/6ef024d3-ed90-464d-97a0-7ed991047779/r,"[""timing resolution required for the LGAD detector in the TOPSiDE project"", ""timing resolution achieved in the simulation of the conceptual LGAD silicon detector"", ""timing resolution expected in the monolithic implementation of the LGAD detector""]"," The timing resolution required for the LGAD detector in the TOPSiDE project is 10 ps. The timing resolution achieved in the simulation of the conceptual LGAD silicon detector was 23 ps. The timing resolution expected in the monolithic implementation of the LGAD detector is expected to be better than 23 ps., 
    ","[""10 ps"", ""23 ps"", ""better than 23 ps""]",3
2303.10776v2,physics.ins-det,1, What is the purpose of the ANN model in the Gas Electron Multiplier Transition Radiation Detector (GEM TRD)?,https://smith.langchain.com/public/47a192d1-3502-4192-9693-57cbdb668cbd/r,"[""purpose of the ANN model in the Gas Electron Multiplier Transition Radiation Detector (GEM TRD)""]"," The purpose of the ANN model in the Gas Electron Multiplier Transition Radiation Detector (GEM TRD) is to separate electrons from pions using deep learning., 
    ","[""to separate electrons from pions""]",1
2303.10776v2,physics.ins-det,2, What is the purpose of the ANN model in the Gas Electron Multiplier Transition Radiation Detector (GEM TRD)? What is the number of neurons in the input layer of the ANN model?,https://smith.langchain.com/public/c18133bf-4078-4972-b45a-d2332b387eb3/r,"[""Purpose of the ANN model in the Gas Electron Multiplier Transition Radiation Detector (GEM TRD)"", ""Number of neurons in the input layer of the ANN model""]"," The purpose of the ANN model in the Gas Electron Multiplier Transition Radiation Detector (GEM TRD) is to separate electrons from pions. The number of neurons in the input layer of the ANN model is 69., 
    ","[""To separate electrons from pions"", ""69""]",2
2310.04442v1,physics.ins-det,3, What are the dimensions of the calorimeter towers in the ECAL and HCAL? How many layers of absorbers are there in the HCAL? What is the sampling fraction for the ECAL and HCAL?,https://smith.langchain.com/public/8b030dd2-8436-4162-933d-1143e825d09b/r,"[""Dimensions of the calorimeter towers in the ECAL and HCAL"", ""Number of layers of absorbers in the HCAL"", ""Sampling fraction for the ECAL and HCAL""]"," The ECAL towers have an area of 10x10 cm^2. The HCAL has 64 layers of absorbers, with the initial four layers made of tungsten and the subsequent 60 layers made of steel. The sampling fraction for the HCAL is 2.2%, and for the ECAL is 3.0%., 
    ","[""10x10 cm^2"", ""64"", ""2.2% for HCAL, 3.0% for ECAL""]",3
2301.11987v1,hep-ph,2, What is the invariant F as a function of z and PT at âˆšs= 140 GeV and âˆšs= 45 GeV?,https://smith.langchain.com/public/d8280d40-7b19-451b-9eb8-75d14ce640d8/r,"[""invariant F as a function of z at âˆšs= 140 GeV"", ""invariant F as a function of PT at âˆšs= 45 GeV""]"," The invariant F is not equal to 1/2 and its value depends on both z and PT variables. It is not a constant, as its value varies with different kinematic regions.","[""The invariant F is not equal to 1/2 and its value depends on both z and PT variables."", ""It is not a constant, as its value varies with different kinematic regions.""]",2
2304.04604v3,hep-ex,1, What is the primary focus of the Spin Physics Detector (SPD) at the Nuclotron based Ion Collider facility (NICA)?,https://smith.langchain.com/public/72c8ef49-f725-4ed5-9d13-aa1477b2e8c1/r,"[""primary focus of the Spin Physics Detector (SPD) at the Nuclotron based Ion Collider facility (NICA)""]"," The primary focus of the Spin Physics Detector (SPD) at the Nuclotron based Ion Collider facility (NICA) is to study nucleon spin structure in three dimensions and to measure cross-sections and spin asymmetries of hadronic processes sensitive to unpolarized and various polarized (helicity, Sivers, Boer-Mulders) gluon distributions inside the nucleons.,
    ","[""study nucleon spin structure in three dimensions and to measure cross-sections and spin asymmetries of hadronic processes sensitive to unpolarized and various polarized (helicity, Sivers, Boer-Mulders) gluon distributions inside the nucleons""]",1
2110.05505v2,hep-ex,2, What is the resolution of the DNN reconstruction for Q2 in the full simulation of the H1 experiment? What is the resolution of the DNN reconstruction for y in the full simulation of the H1 experiment?,https://smith.langchain.com/public/468316fb-92b8-4ca2-91b4-449a6ab32c97/r,"[""resolution of the DNN reconstruction for Q2 in the full simulation of the H1 experiment"", ""resolution of the DNN reconstruction for y in the full simulation of the H1 experiment""]"," The resolution of the DNN reconstruction for Q2 in the full simulation of the H1 experiment is approximately 1.0. 
                            The resolution of the DNN reconstruction for y in the full simulation of the H1 experiment is approximately 1.0 as well.
    ","[""approximately 1.0"", ""approximately 1.0""]",2
2301.11987v1,hep-ph,1, What are the polarization parameters used to study J/Ïˆ polarization in SIDIS at large PT?,https://smith.langchain.com/public/6b4caba0-a972-4e2f-b807-e78f8e1e6a19/r,"[""Polarization parameters used to study J/Ïˆ polarization in SIDIS at large PT""]"," The polarization parameters used to study J/Ïˆ polarization in SIDIS at large PT are Î», Âµ, and Î½. ","[""Î», Âµ, and Î½""]",1
2307.08593v1,physics.acc-ph,3, What are the primary drivers for developing or utilizing new computing infrastructure for the Electron Ion Collider? What are the biggest challenges currently facing the EIC? What is the role of technologies that are in the early stages of application towards High Energy Physics (HEP) and Nuclear Physics (NP) workflows?,https://smith.langchain.com/public/d1a6f187-5e8a-4eca-a1b4-9dfbeb163c31/r,"[""Primary drivers for developing or utilizing new computing infrastructure for the Electron Ion Collider"", ""Biggest challenges currently facing the EIC"", ""Role of technologies that are in the early stages of application towards High Energy Physics (HEP) and Nuclear Physics (NP) workflows""]"," Artificial intelligence use cases are one of the primary drivers for developing or utilizing new computing infrastructure for the EIC. The biggest challenges currently facing the EIC include the design and development of future-proof infrastructure, viable both currently and in the next decade when data collection commences. Technologies that are in the early stages of application towards High Energy Physics (HEP) and Nuclear Physics (NP) workflows, such as quantum computing, are important to consider for their possible integration., 
    ","[""Artificial intelligence use cases"", ""Design and development of future-proof infrastructure"", ""Quantum computing""]",3
2209.11211v2,hep-ph,1, What is the dimension of the MAPS pixel layer in ITS3 EIC technology?,https://smith.langchain.com/public/d91b66f6-2d85-4734-83fd-ebffb6a6d863/r,"[""dimension of 'MAPS' pixel layer""]"," Dimensions of MAPS pixel layer is 10x10 mm., 
    ","[""10x10mm""]",1
2209.11211v2,hep-ph,2," What are the three criteria for constructing the novel SIDIS observable, qâˆ—? What is the expected detector resolution for qâˆ— versus âƒ—PhT?",https://smith.langchain.com/public/29d8949f-ad1c-46f0-a778-c858b7c81448/r,"[""Three criteria for constructing the novel SIDIS observable, qâˆ—"", ""Expected detector resolution for qâˆ— versus âƒ—PhT""]"," The three criteria for constructing the novel SIDIS observable, qâˆ—, are (i) it is purely defined in terms of lab-frame angles and the beam energies; (ii) at small values qâˆ—â‰ªQ, the differential cross section d Ïƒ/dqâˆ—, including spin correlations, still satisfies a rigorous factorization theorem in terms of the standard TMD PDFs and FFs; (iii) it does not dilute the statistical power of the available event sample. The expected detector resolution for qâˆ— versus âƒ—PhT is shown in Fig. 2, where qâˆ— improves over the resolution of PhT/z by an order of magnitude across the strongly confined TMD region qâˆ—, PhT/z<âˆ¼2 GeV.","[""(i) it is purely defined in terms of lab-frame angles and the beam energies; (ii) at small values qâˆ—â‰ªQ, the differential cross section d Ïƒ/dqâˆ—, including spin correlations, still satisfies a rigorous factorization theorem in terms of the standard TMD PDFs and FFs; (iii) it does not dilute the statistical power of the available event sample"", ""qâˆ— improves over the resolution of PhT/z by an order of magnitude across the strongly confined TMD region qâˆ—, PhT/z<âˆ¼2 GeV""]",2
2209.11211v2,hep-ph,3, What is the significance of the observable qâˆ— in the context of TMD physics? What is the construction of qâˆ— based on? What is the expected improvement in resolution of qâˆ— compared to PhT/z?,https://smith.langchain.com/public/75e9b156-7429-4e8e-b727-d086918a616a/r,"[""Significance of the observable qâˆ— in TMD physics"", ""Construction of qâˆ—"", ""Expected improvement in resolution of qâˆ— compared to PhT/z""]"," The observable qâˆ— is significant in TMD physics as it is designed to be maximally resilient against resolution effects while delivering the same sensitivity to TMD dynamics as âƒ—PhT. The construction of qâˆ— is purely defined in terms of lab-frame angles and the beam energies. It is based on the high-precision reconstruction of polar angles and azimuthal angles in the EIC lab frame. The expected improvement in resolution of qâˆ— compared to PhT/z is an order of magnitude across the strongly confined TMD region qâˆ—, PhT/z<âˆ¼2 GeV.","[""qâˆ— is designed to be maximally resilient against resolution effects"", ""qâˆ— is purely defined in terms of lab-frame angles and the beam energies"", ""An order of magnitude improvement across the strongly confined TMD region qâˆ—, PhT/z<âˆ¼2 GeV""]",3
2112.07607v3,physics.acc-ph,1, What is the utility of the different forms of the spin precession vector found in the literature?,https://smith.langchain.com/public/5a2aba39-599f-4e86-a0d7-8dd0eb423449/r,"[""utility of the different forms of the spin precession vector""]"," The different forms of the spin precession vector are useful for fast first-order spin tracking and for deriving spin matching conditions in the Electron Storage Ring (ESR) of the Electron-Ion Collider (EIC).,
    ","[""useful for fast first-order spin tracking and for deriving spin matching conditions in the Electron Storage Ring (ESR) of the Electron-Ion Collider (EIC)""]",1
2309.06638v1,physics.acc-ph,2, What are the two types of wakefields that drive single-bunch loss of Landau damping (LLD) and coupled-bunch instabilities (CBI)?,https://smith.langchain.com/public/db389345-08b3-42a8-90d8-4c85667eaef2/r,"[""Two types of wakefields that drive single-bunch loss of Landau damping (LLD)"", ""Two types of wakefields that drive coupled-bunch instabilities (CBI)""]"," The two types of wakefields that drive single-bunch loss of Landau damping (LLD) are short-range wakefields excited at any geometry change of the beam pipe (broadband impedance). The two types of wakefields that drive coupled-bunch instabilities (CBI) are long-range wakefields induced in the resonant structures with narrow-band impedance., 
    ","[""short-range wakefields"", ""long-range wakefields""]",2
2112.03042v1,physics.acc-ph,3, What is the maximum gradient on the electrodes in the DC gun design parameters? What is the peak current in the DC gun design parameters? What is the gap voltage in the DC gun design parameters?,https://smith.langchain.com/public/3cbf09d1-df05-46da-bc08-68f78b109ad6/r,"[""maximum gradient on the electrodes in the DC gun design parameters"", ""peak current in the DC gun design parameters"", ""gap voltage in the DC gun design parameters""]"," The maximum gradient on the electrodes in the DC gun design parameters is 9.4 MV/m. The peak current in the DC gun design parameters is 4.5 A. The gap voltage in the DC gun design parameters is 350 kV.,
  ","[""9.4 MV/m"", ""4.5 A"", ""350 kV""]",3
2211.08709v1,hep-ph,1, What is the process that the azimuthal asymmetries in J/Ïˆ-photon production in the electron-proton scattering process probe?,https://smith.langchain.com/public/56c9c63d-4fdd-4cf8-b614-8340eda456ce/r,"[""process that the azimuthal asymmetries in J/Ïˆ-photon production in the electron-proton scattering process probe""]", The azimuthal asymmetries in J/Ïˆ-photon production in the electron-proton scattering process probe the Î³âˆ—+gâ†’J/Ïˆ+Î³ process.,"[""Î³âˆ—+gâ†’J/Ïˆ+Î³ process""]",1
2211.08709v1,hep-ph,2, What are the two types of gluon TMDs that have attracted a lot of interest in the last few years? What is the process in which the linearly polarized gluon TMD causes azimuthal asymmetries?,https://smith.langchain.com/public/e5016953-f9dc-4636-8d10-809a59ce01b3/r,"[""Two types of gluon TMDs that have attracted a lot of interest"", ""Process in which linearly polarized gluon TMD causes azimuthal asymmetries""]", The two types of gluon TMDs that have attracted a lot of interest in the last few years are linearly polarized gluon distribution and the gluon Sivers function. The linearly polarized gluon TMD causes azimuthal asymmetries in the unpolarized electron-proton scattering process.,"[""Linearly polarized gluon distribution and the gluon Sivers function"", ""Unpolarized electron-proton scattering process""]",2
2211.08709v1,hep-ph,3, What is the process dependence of the gluon TMDs? How many gauge links are present in the gluon TMDs? What is the expected sign of the Sivers function in a SIDIS process compared to its observation in a Drell-Yan process?,https://smith.langchain.com/public/521d60e7-4550-4cb4-82c3-40b4d3012d1a/r,"[""What is the process dependence of the gluon TMDs"", ""How many gauge links are present in the gluon TMDs"", ""What is the expected sign of the Sivers function in a SIDIS process compared to its observation in a Drell-Yan process""]"," The process dependence of the gluon TMDs is more involved due to the presence of two gauge links. The Sivers function observed in a SIDIS process is expected to have opposite sign as compared with its observation in a Drell-Yan process, due to the difference in the gauge link structure or initial/final state effects., 
    ","[""more involved"", ""two"", ""opposite""]",3
2305.06775v1,physics.acc-ph,3, What are the dimensions of the aperture of the IR quadrupole and dipole coils? What is the field gradient of the IR quadrupole? What is the field of the IR dipole?,https://smith.langchain.com/public/80638c81-61d3-4986-ba03-13cf5c594e7e/r,"[""dimensions of the aperture of the IR quadrupole and dipole coils"", ""field gradient of the IR quadrupole"", ""field of the IR dipole""]"," The aperture of the IR quadrupole coil is 270 mm and the aperture of the IR dipole coil is 310 mm. The field gradient of the IR quadrupole is 77.96 T/m. The field of the IR dipole is 12.52 T., 
    ","[""270mm and 310mm"", ""77.96 T/m"", ""12.52 T""]",3
2307.16245v2,hep-ph,1, What is the process that contributes to the inelastic cross section in lepton-nucleus collisions?,https://smith.langchain.com/public/63e343f1-4114-487b-9fe1-11c4526a8d3b/r,"[""process that contributes to the inelastic cross section in lepton-nucleus collisions""]"," The dominant contribution to the inelastic cross section in lepton-nucleus collisions is the bremsstrahlung process, where a photon is emitted into the final state.","[""bremsstrahlung process""]",1
2309.16056v1,physics.acc-ph,2, What is the purpose of the JSPEC package? What is the new feature added to the JSPEC package?,https://smith.langchain.com/public/53840698-c960-4258-b4ed-22d7b05d1e84/r,"[""Purpose of the JSPEC package"", ""New feature added to the JSPEC package""]"," The JSPEC package is designed to model magnetized and unmagnetized cooling through friction forces between co-propagating electron and ion bunches. A new feature added to the JSPEC package is the implementation of a Nelder-Mead Simplex optimization algorithm to allow a user to optimize certain beam parameters in order to achieve a target cooling time., 
    ","[""Model magnetized and unmagnetized cooling through friction forces"", ""Implementation of a Nelder-Mead Simplex optimization algorithm""]",2
2307.16245v2,hep-ph,2, What is the bremsstrahlung process in lepton-nucleus collisions? What is the process used to measure the collider luminosity of HERA?,https://smith.langchain.com/public/dc64846e-0b8c-47e7-8dbb-4dfa4d5e53b6/r,"[""What is the bremsstrahlung process in lepton-nucleus collisions"", ""What is the process used to measure the collider luminosity of HERA""]", The bremsstrahlung process in lepton-nucleus collisions is where a photon is emitted into the final state. It can be calculated to high precision and is used to measure the collider luminosity of HERA.,"[""The bremsstrahlung process in lepton-nucleus collisions is where a photon is emitted into the final state"", ""It is used to measure the collider luminosity of HERA""]",2
2208.12368v1,physics.acc-ph,1, What are the key research directions for RF technology R&D in the next decade?,https://smith.langchain.com/public/fe0a5f19-fc00-4e60-a01a-75237eb5464d/r,"[""key research directions for RF technology R&D in the next decade""]"," The key research directions for RF technology R&D in the next decade include studies to push performance of niobium and improve understanding of SRF losses and ultimate quench fields, developing methods for nano-engineering the niobium surface layer, investigations of new SRF materials beyond niobium, developing advanced SRF cavity geometries, research on application of SRF technology to dark sector searches, R&D on high-gradient normal conducting RF structures, development of higher gradient normal conducting cavities in exotic environments, and studies dedicated to industrialization and cost reduction of fabricating RF components and systems.,
    ","[""studies to push performance of niobium and improve understanding of SRF losses and ultimate quench fields, developing methods for nano-engineering the niobium surface layer, investigations of new SRF materials beyond niobium, developing advanced SRF cavity geometries, research on application of SRF technology to dark sector searches, R&D on high-gradient normal conducting RF structures, development of higher gradient normal conducting cavities in exotic environments, and studies dedicated to industrialization and cost reduction of fabricating RF components and systems""]",1
2108.08314v1,hep-ph,2, What are the contributions to the total three-momentum resolution for spectator protons? What is the total resolution?,https://smith.langchain.com/public/7c63055f-6be4-471c-9231-bf28c4007f2c/r,"[""Contributions to the total three-momentum resolution for spectator protons"", ""Total resolution for spectator protons""]"," The contributions to the total three-momentum resolution for spectator protons are from detectors only, angular divergence only, p/p only, Î”Beam, and all effects. The total resolution is 0.5 GeV/c.
    ","[""Detectors Only, Ang. Div. Only, p/p Only, Î”Beam, All Effects"", ""0.5 GeV/c""]",2
2202.05981v2,nucl-th,1, What is the purpose of the Color Glass Condensate (CGC) effective theory?,https://smith.langchain.com/public/8c6dab44-8be5-436d-94a0-77a86524792b/r,"[""purpose of the Color Glass Condensate (CGC) effective theory""]"," The Color Glass Condensate (CGC) effective theory is used to describe the nonlinear QCD phenomena that can be observed at high energies, such as the proton structure function, and to study the gluon density in nuclei at small-x regions., 
    ","[""describe the nonlinear QCD phenomena that can be observed at high energies, such as the proton structure function, and to study the gluon density in nuclei at small-x regions""]",1
2306.02357v1,hep-ph,1, What is the range of luminosity for the Electron Ion Collider (EIC)?,https://smith.langchain.com/public/e6f46a49-dfd8-4285-85a3-d9a879cfc7b1/r,"[""range of luminosity for the Electron Ion Collider (EIC)""]"," The luminosity for the Electron Ion Collider (EIC) will be about 10^33âˆ¼10^34cmâˆ’2sâˆ’1., 
    ","[""10^33âˆ¼10^34cmâˆ’2sâˆ’1""]",1
2306.02357v1,hep-ph,2, What is the proposed beam energy for the incoming electron and incoming proton at EicC and EIC?,https://smith.langchain.com/public/276b894e-548a-400f-9c0c-4d7c0af168fd/r,"[""Proposed beam energy for the incoming electron and incoming proton at EicC"", ""Proposed beam energy for the incoming electron and incoming proton at EIC""]"," The proposed beam energy for the incoming electron and incoming proton at EicC is Ee= 3.5 GeV, Ep= 20 GeV. At EIC, it is Ee= 5 GeV, Ep= 100 GeV., 
    ","[""Ee= 3.5 GeV, Ep= 20 GeV"", ""Ee= 5 GeV, Ep= 100 GeV""]",2
2304.14970v1,hep-lat,2, What is the method of accessing GPDs from lattice QCD simulations? What is the advantage of this method?,https://smith.langchain.com/public/ce1de508-734a-4d4f-b288-765e8943e5cd/r,"[""Method of accessing GPDs from lattice QCD simulations"", ""Advantage of this method""]"," The method relies on the quasi-distribution method of Ji, but a novel aspect is to perform calculations in asymmetric frames of reference. This offers a major advantage of obtaining several values of momentum transfer from a single calculation, by attributing the momentum transfer entirely to the source nucleon state., 
    ","[""Quasi-distribution method of Ji"", ""Obtaining several values of momentum transfer from a single calculation""]",2
2208.12693v2,hep-ph,3, What are the conditions for the applicability of the two-tensor-pomeron model to deeply virtual Compton scattering (DVCS)? What is the model used for large Î³âˆ—p centre-of-mass energy and small Bjorken-x?,https://smith.langchain.com/public/a8400d57-281e-4327-b103-5e80e97254ed/r,"[""Conditions for the applicability of the two-tensor-pomeron model to deeply virtual Compton scattering (DVCS)"", ""Model used for large Î³âˆ—p centre-of-mass energy and small Bjorken-x""]"," The two-tensor-pomeron model can be used for large Î³âˆ—p centre-of-mass energy Wâ‰«mp,âˆš|t|,|t|â‰²1 GeV2, and small Bjorken-x, say x=Q2/(W2+Q2âˆ’m2p)<0.02., 
    ","[""Wâ‰«mp,âˆš|t|,|t|â‰²1 GeV2, and small Bjorken-x, say x=Q2/(W2+Q2âˆ’m2p)<0.02"", ""two-tensor-pomeron model""]",3
2108.05383v2,hep-ph,3, What is the assumed pseudo-rapidity range for the EIC detector? What is the lowest transverse momentum set to be? What condition is applied to ensure the applicability of TMD factorization?,https://smith.langchain.com/public/59b1561a-3bd2-4118-849c-8260b80d150f/r,"[""Assumed pseudo-rapidity range for the EIC detector"", ""Lowest transverse momentum set to be"", ""Condition applied to ensure the applicability of TMD factorization""]"," The assumed EIC detector will cover the full azimuth in a finite pseudo-rapidity range -3.5 < Î· < 3.5. The lowest transverse momentum is set to be 0.1 GeV. To ensure the applicability of TMD factorization, the condition, PhâŠ¥/z < Q/4 is also applied., 
    ","[""-3.5 < Î· < 3.5"", ""0.1 GeV"", ""PhâŠ¥/z < Q/4""]",3
2208.12693v2,hep-ph,2, What is the energy dependence of the total cross section for real Compton scattering at Q2=0? What is the energy dependence of the total cross section for very high Q2?,https://smith.langchain.com/public/22540440-4de3-4ab2-b96e-2bbcf513d08a/r,"[""Energy dependence of the total cross section for real Compton scattering at Q2=0"", ""Energy dependence of the total cross section for very high Q2""]"," The total cross section for real Compton scattering at Q2=0 is dominated by soft-pomeron exchange with an additional contribution from reggeon exchange at lower energies. The cross sections rise with energy as W^2Ç«1 at Q2=0 and change to W^2Ç«0 for very high Q2. Here, Ç«1â‰ˆ0.09 and Ç«0â‰ˆ0.30 are the intercept parameters of the soft and hard pomerons, respectively., 
    ","[""Rise with energy as W^2Ç«1 at Q2=0"", ""Change to W^2Ç«0 for very high Q2""]",2
2112.06839v2,hep-ph,1, What is the method used to extract the diï¬€ractive longitudinal structure function?,https://smith.langchain.com/public/fa8a8422-d13e-41c3-b151-c4667c720330/r,"[""method used to extract the diï¬€ractive longitudinal structure function""]"," The extraction of the diï¬€ractive longitudinal structure function FD(3) L is performed using the same method as in the H1 analysis [22]. This method was adapted from the measurements of the inclusive longitudinal structure function FL, see [52â€“54]. The reduced cross section is a linear function of YL, see Eq. (8). The structure function FD(3) L can thus be found by performing a linear ï¬t, and extracting the slope of ÏƒD(3) red as a function of YL., 
    ","[""linear fit method""]",1
2111.03703v2,hep-ph,2, What is the purpose of the Î¶-prescription for the dijet soft function evolution kernel? What is the perturbative solution for the small-b region?,https://smith.langchain.com/public/a88918fd-e676-4c1a-9aba-9eb1aecf5617/r,"[""Purpose of the Î¶-prescription for the dijet soft function evolution kernel"", ""Perturbative solution for the small-b region""]"," The purpose of the Î¶-prescription for the dijet soft function evolution kernel is to choose the initial scale Î¶i as a function of Âµ and b so that the SF does not depend on the initial scale Âµi. The perturbative solution for the small-b region is given by Î¶Î³gÂµ,pert(b) = (Âµ/Âµ0)^(2CF/CA) * Î¶Î³g0 * exp(-gÎ³g(as,DS)/DS) and Î¶Î³fÂµ,pert(b) = (Âµ/Âµ0)^(CF+CA/CF) * Î¶Î³f0 * exp(-gÎ³f(as,DS)/DS),
    ","[""Choose the initial scale Î¶i as a function of Âµ and b"", ""Î¶Î³gÂµ,pert(b) = (Âµ/Âµ0)^(2CF/CA) * Î¶Î³g0 * exp(-gÎ³g(as,DS)/DS) and Î¶Î³fÂµ,pert(b) = (Âµ/Âµ0)^(CF+CA/CF) * Î¶Î³f0 * exp(-gÎ³f(as,DS)/DS)""]",2
2310.16308v1,hep-ph,2, What is the role of the scattered leading electron in electron-proton scattering events? What is the significance of the measurement of the scattered leading electron?,https://smith.langchain.com/public/90bb866d-caef-451c-8638-2f06483e0105/r,"[""Role of the scattered leading electron in electron-proton scattering events"", ""Significance of the measurement of the scattered leading electron""]"," The scattered leading electron provides a clean electromagnetic probe of the inner structure of hadrons and nuclei. The measurement of the scattered leading electron plays a critical role in advancing the understanding of the structure of hadrons, probing cold nuclear matter effects, and searching for physics beyond the Standard Model., 
    ","[""Provides a clean electromagnetic probe of the inner structure of hadrons and nuclei"", ""Plays a critical role in advancing the understanding of the structure of hadrons, probing cold nuclear matter effects, and searching for physics beyond the Standard Model""]",2
2202.08286v1,hep-ph,3, What is the center-of-mass energy of the LHeC? What is the electron beam energy at the LHeC? What is the proton beam energy at the LHeC?,https://smith.langchain.com/public/ecda120a-d9eb-47c5-b325-81ea4c4c6124/r,"[""center-of-mass energy of the LHeC"", ""electron beam energy at the LHeC"", ""proton beam energy at the LHeC""]"," The center-of-mass energy of the LHeC is 1.2, 1.3 TeV. The electron beam energy at the LHeC is 50, 60 GeV. The proton beam energy at the LHeC is 7 TeV., 
    ","[""1.2, 1.3 TeV"", ""50, 60 GeV"", ""7 TeV""]",3
2108.03426v3,hep-ph,1, What is the hard scale set by the virtuality of the exchanged photon in the DVCS subprocess?,https://smith.langchain.com/public/cecbd053-35bf-4e90-8568-28d43482cf3c/r,"[""hard scale set by the virtuality of the exchanged photon in the DVCS subprocess""]"," The hard scale is set by the virtuality of the exchanged photon, which is given by -q^2 = -(k-k')^2.","[""-q^2 = -(k-k')^2""]",1
2207.09420v2,hep-ph,2, What is the purpose of the Polarized Atomic Hydrogen Gas Jet Target polarimeter at RHIC? What is the anticipated systematic uncertainty in the measured 3He beam polarization at the Electron-Ion Collider (EIC)?,https://smith.langchain.com/public/5c74e2e9-389d-4214-bff3-fc3b3ffde739/r,"[""Purpose of the Polarized Atomic Hydrogen Gas Jet Target polarimeter at RHIC"", ""Anticipated systematic uncertainty in the measured 3He beam polarization at the Electron-Ion Collider (EIC)""]"," The Polarized Atomic Hydrogen Gas Jet Target polarimeter at RHIC is used to measure the absolute proton beam polarization, Ïƒsyst P/Pâ‰²0.5%. The anticipated systematic uncertainty in the measured 3He beam polarization at the Electron-Ion Collider (EIC) can satisfy the EIC requirement Ïƒsyst P/Pâ‰²1%., 
    ","[""To measure the absolute proton beam polarization, Ïƒsyst P/Pâ‰²0.5%"", ""Ïƒsyst P/Pâ‰²1%""]",2
2302.00605v1,nucl-ex,3, What is the dimension of the sTGC gas chambers? How many chambers were built at Shandong University in China? What is the gas mixture used for operating the chambers?,https://smith.langchain.com/public/65217212-f633-4a8a-9137-b7dd55bf3ebd/r,"[""dimension of the sTGC gas chambers"", ""number of chambers built at Shandong University in China"", ""gas mixture used for operating the chambers""]"," The sTGC gas chambers are pentagonal shaped with double-sided and diagonal strips, providing x, y, and u coordinates. Sixteen chambers and about 5 spare chambers were built at Shandong University in China. The gas mixture used for operating the chambers is n-Pentane and CO2 at a ratio of 45%55% by volume., 
    ","[""pentagonal shaped with double-sided and diagonal strips"", ""16"", ""n-Pentane and CO2 at a ratio of 45%55% by volume""]",3
2212.05541v1,physics.ins-det,1, What is the maximum drift length for an electron in the sPHENIX TPC?,https://smith.langchain.com/public/32553014-1849-45ac-9dda-1f07fd58d025/r,"[""maximum drift length for an electron in the sPHENIX TPC""]"," The maximum drift length for an electron in the sPHENIX TPC is 1.05 m in z., 
    ","[""1.05 m""]",1
2212.05541v1,physics.ins-det,2, What are the dimensions of the sPHENIX TPC? What is the gas mixture used in the TPC?,https://smith.langchain.com/public/f9ae12c0-536d-4f20-b1b2-eb30e32a5ebc/r,"[""dimensions of the sPHENIX TPC"", ""gas mixture used in the TPC""]"," The sPHENIX TPC covers 20 cm <r< 78 cm and the gas mixture used is 50% neon with 50% CF4., 
    ","[""20 cm <r< 78 cm"", ""50% neon with 50% CF4""]",2
2307.12531v1,physics.ins-det,2, What is the dimension of the SiPM-on-tile technology used in the Few-Degree Calorimeter (FDC)? How many layers of SiPM-on-tile technology are used in the FDC?,https://smith.langchain.com/public/080b5d9f-237b-46cb-ba6d-d7e85e1aeb95/r,"[""dimension of SiPM-on-tile technology"", ""number of layers of SiPM-on-tile technology""]"," The SiPM-on-tile technology used in the FDC has a dimension of 10x10 mm. There are a total of 20 layers of SiPM-on-tile technology in the FDC., 
    ","[""10x10mm"", ""20""]",2
2208.05472v2,physics.ins-det,1, What is the sampling fraction for the HCal insert?,https://smith.langchain.com/public/bd6c8d29-b5a7-40d6-a00e-115c050380f6/r,"[""sampling fraction for the HCal insert""]"," The sampling fraction for the HCal insert is 0.9%., 
    ","[""0.9%""]",1
2112.07607v3,physics.acc-ph,3, What are the advantages of using certain forms of the spin precession vector in the Electron Storage Ring (ESR) of the Electron-Ion Collider (EIC)? How are different forms of the spin precession vector related? What is the utility of the form of the spin precession vector?,https://smith.langchain.com/public/bc5f09d1-42e5-4aff-a687-a7ce56972a5c/r,"[""Advantages of using certain forms of the spin precession vector in the Electron Storage Ring (ESR) of the Electron-Ion Collider (EIC)"", ""Relation between different forms of the spin precession vector"", ""Utility of the form of the spin precession vector in Eq. (15)""]", The advantages of using certain forms of the spin precession vector in the Electron Storage Ring (ESR) of the Electron-Ion Collider (EIC) include the ability to elegantly show the amplified spin rotation with velocity vector rotation and the usefulness for fast first-order spin tracking. Different forms of the spin precession vector are related by substitution of the equations of motion. The form of the spin precession vector in Eq. (15) is useful for fast first-order spin tracking.,"[""Ability to elegantly show the amplified spin rotation with velocity vector rotation and usefulness for fast first-order spin tracking"", ""Related by substitution of the equations of motion"", ""Useful for fast first-order spin tracking""]",3
