question,answer,contexts,ground_truth,arxiv_id,input_arxiv_id,trace_links,faithfulness,answer_relevancy,context_precision,context_recall,answer_correctness
 What are the main detectors proposed for the Electron-Ion Collider (EIC)? What are the optical processes involved in Cherenkov detectors? How is AI being utilized for imaging Cherenkov detectors at EIC?,"The main detectors proposed for the Electron-Ion Collider (EIC) include:

1. Tracking detectors: These detectors are used to measure the trajectories of charged particles produced in collisions at the EIC.

2. Calorimeters: Calorimeters are used to measure the energy of particles produced in collisions at the EIC.

3. Cherenkov detectors: Cherenkov detectors are used to detect and measure the velocity of charged particles produced in collisions at the EIC.

The optical processes involved in Cherenkov detectors include the emission of Cherenkov radiation when a charged particle travels through a medium at a speed greater than the speed of light in that medium. This radiation forms a cone of light with a characteristic angle that can be measured to determine the velocity of the particle.

AI is being utilized for imaging Cherenkov detectors at EIC by using machine learning algorithms to analyze and interpret the data collected by the detectors. This can help in improving the efficiency and accuracy of the measurements made by the Cherenkov detectors, as well as in identifying and characterizing different types of particles produced in collisions at the EIC.",['']," All detector designs proposed for EIC have a dual radiator ring-imaging Cherenkov detector (dRICH) in the hadron direction, detection of internally reflected Cherenkov light (DIRC) in the barrel, and a modular-aerogel RICH (mRICH) in the electron direction. Cherenkov detectors involve optical processes with many photons that need to be tracked through complex surfaces, making these detectors relatively slow to simulate. AI is being utilized for optimizing the design of Cherenkov detectors and for reducing the computing budget necessary to explore a large number of design points., 
    ",[''],2204.08645v1,,0.8,0.906340924837258,0.9999999999,1.0,0.5189680729942017
 What is the purpose of the high-granularity calorimeter insert for the Electron-Ion Collider (EIC)? What innovative features are used in its design?,"The purpose of the high-granularity calorimeter insert for the Electron-Ion Collider (EIC) is to accurately measure the energy and position of particles produced in collisions at the EIC. This is important for understanding the properties of the particles and the interactions that occur in these collisions.

The innovative features used in its design include:

1. High granularity: The calorimeter insert has a high number of individual detector elements, allowing for precise measurement of the energy and position of particles.

2. High resolution: The calorimeter insert is designed to have high energy resolution, meaning it can accurately measure the energy of particles produced in collisions.

3. Compact design: The calorimeter insert is designed to be compact, allowing it to fit within the existing detector systems at the EIC without requiring major modifications.

4. Radiation hardness: The calorimeter insert is designed to withstand the high levels of radiation produced in collisions at the EIC, ensuring its long-term reliability and performance.

Overall, the high-granularity calorimeter insert for the EIC is designed to provide precise and reliable measurements of particles produced in collisions, helping to advance our understanding of the fundamental properties of matter.",['']," The purpose of the high-granularity calorimeter insert for the Electron-Ion Collider (EIC) is to cover the range 3.2< ðœ‚ < 4.0 and to offer high granularity to enhance performance in measuring jets, and to manage radiation damage and beam-gas interactions effectively. Among its innovative features are an ASIC-away-of-SiPM strategy for reducing cooling requirements and minimizing space use, along with employing 3D-printed frames to reduce optical crosstalk and dead areas., 
    ",[''],2309.00818v1,,0.6666666666666666,0.9456618691622796,0.9999999999,1.0,0.8144581899557111
 What is the radial size of the DIRC detector? What is the refractive index of the middle layer of the 3-layer lens?,"The radial size of the DIRC detector is approximately 2 meters.

The refractive index of the middle layer of the 3-layer lens is 1.6.",[''],"  The radial size of the DIRC detector is only 7-8 cm. The refractive index of the middle layer of the 3-layer lens is 1.786 at 380nm., 
    ",[''],2202.06457v1,,1.0,0.8939242213672062,0.9999999999,1.0,0.6152524557582164
 What are the three main contributions to the AC-LGAD time resolution?,"The three main contributions to the AC-LGAD time resolution are:

1. Charge collection time: This refers to the time it takes for the charge carriers generated by the incident radiation to be collected and measured by the detector. Faster charge collection leads to better time resolution.

2. Signal processing electronics: The design and performance of the signal processing electronics, including the amplifier and digitization circuitry, can significantly impact the time resolution of the detector.

3. Detector material and structure: The material properties and physical structure of the AC-LGAD, including the thickness of the active layer and the presence of any additional layers or coatings, can affect the time resolution by influencing the interaction of the incident radiation with the detector and the subsequent signal generation.",['']," The three main contributions to the AC-LGAD time resolution are the Landau fluctuations in the ionization depth profile, the noise-induced jitter, and the effect of the arrival time delays., 
    ",[''],2211.09698v2,,1.0,0.9844437530172336,0.0,1.0,0.518989007154607
 What is the thickness of the gain layer in the AC-LGAD sensors? What is the operating voltage for the BNL 10-200 sensor?,The thickness of the gain layer in AC-LGAD sensors is typically around 10-20 Âµm. The operating voltage for the BNL 10-200 sensor is typically around 200-300 volts.,['']," The gain layer in the AC-LGAD sensors is 50Âµm thick. The operating voltage for the BNL 10-200 sensor is 255V., 
    ",[''],2211.09698v2,,0.5,0.912037511670022,0.9999999999,1.0,0.7335000484615899
 What is the proposed technology for the Forward Silicon Tracker (FST) detector at the future Electron-Ion Collider (EIC)?,"The proposed technology for the Forward Silicon Tracker (FST) detector at the future Electron-Ion Collider (EIC) is silicon strip sensors. These sensors are designed to provide high-resolution tracking of charged particles, allowing for precise measurements of their trajectories and momenta. The use of silicon strip sensors in the FST detector will enable the EIC to achieve its scientific goals by providing accurate and detailed information about the interactions between electrons and ions at high energies.",['']," The proposed technology for the Forward Silicon Tracker (FST) detector at the future Electron-Ion Collider (EIC) includes the Depleted Monolithic Active Pixel Sensor (DMAPS) and the AC coupled Low Gain Avalanche Diode (AC-LGAD).,
    ",[''],2210.04879v2,,1.0,0.9810496409544712,0.9999999999,1.0,0.5255019385106184
 What are the two advanced silicon technologies considered as candidates for the EIC silicon tracking detector? What is the proposed number of silicon disks for the Forward Silicon Tracker (FST) detector?,"The two advanced silicon technologies considered as candidates for the EIC silicon tracking detector are Monolithic Active Pixel Sensors (MAPS) and 3D integrated circuits.

The proposed number of silicon disks for the Forward Silicon Tracker (FST) detector is 10.",['']," The two advanced silicon technologies considered as candidates for the EIC silicon tracking detector are the Depleted Monolithic Active Pixel Sensor (DMAPS) and the AC coupled Low Gain Avalanche Diode (AC-LGAD). The proposed number of silicon disks for the Forward Silicon Tracker (FST) detector is 5., 
    ",[''],2210.04879v2,,0.5,0.9364725965867448,0.9999999999,1.0,0.7369883615024191
 What are the dimensions of the MAPS pixel layer in the EIC technology? How many layers of MAPS detector will be in EIC? What is the thickness of the MAPS layer?,"The dimensions of the MAPS pixel layer in the EIC technology are typically on the order of tens of centimeters in both the x and y directions. The number of layers of MAPS detector in the EIC can vary depending on the specific design, but typically there are multiple layers to capture and track particles at different depths. The thickness of the MAPS layer can also vary, but it is typically on the order of a few hundred micrometers.",['']," The dimensions of the MAPS pixel layer are 10x10 mm. There are a total of 7 layers in the MAPS detector at EIC. The thickness of each layer of the MAPS detector is 5um., 
    ",[''],2305.15593v1,,1.0,0.9193263675641524,0.9999999999,1.0,0.7280369671583482
 What is the timing resolution required for the LGAD detector in the TOPSiDE project? What is the timing resolution achieved in the simulation of the conceptual LGAD silicon detector? What is the timing resolution expected in the monolithic implementation of the LGAD detector?,"The timing resolution required for the LGAD detector in the TOPSiDE project is on the order of a few tens of picoseconds.

In the simulation of the conceptual LGAD silicon detector, a timing resolution of around 20 picoseconds was achieved.

In the monolithic implementation of the LGAD detector, it is expected to achieve a timing resolution of around 10 picoseconds or even better.",['']," The timing resolution required for the LGAD detector in the TOPSiDE project is 10 ps. The timing resolution achieved in the simulation of the conceptual LGAD silicon detector was 23 ps. The timing resolution expected in the monolithic implementation of the LGAD detector is expected to be better than 23 ps., 
    ",[''],2112.10534v1,,1.0,0.9338348936759472,0.9999999999,1.0,0.7396105135714113
 What is the purpose of the ANN model in the Gas Electron Multiplier Transition Radiation Detector (GEM TRD)?,"The purpose of the Artificial Neural Network (ANN) model in the Gas Electron Multiplier Transition Radiation Detector (GEM TRD) is to analyze and interpret the data collected by the detector. The ANN model is used to identify and classify different types of particles and radiation based on the signals detected by the GEM TRD. By using the ANN model, researchers can improve the accuracy and efficiency of particle identification and analysis in high-energy physics experiments.",['']," The purpose of the ANN model in the Gas Electron Multiplier Transition Radiation Detector (GEM TRD) is to separate electrons from pions using deep learning., 
    ",[''],2303.10776v2,,1.0,0.9619442660247636,0.9999999999,1.0,0.8719668674408636
 What is the purpose of the ANN model in the Gas Electron Multiplier Transition Radiation Detector (GEM TRD)? What is the number of neurons in the input layer of the ANN model?,"The purpose of the Artificial Neural Network (ANN) model in the Gas Electron Multiplier Transition Radiation Detector (GEM TRD) is to analyze and interpret the data collected by the detector. The ANN model is used to classify and identify different types of particles and radiation based on the signals received from the detector.

The number of neurons in the input layer of the ANN model depends on the specific design and requirements of the GEM TRD system. It can vary based on the complexity of the data and the specific features that need to be analyzed. Typically, the number of neurons in the input layer would correspond to the number of input features or variables that are being used to represent the data from the detector.",['']," The purpose of the ANN model in the Gas Electron Multiplier Transition Radiation Detector (GEM TRD) is to separate electrons from pions. The number of neurons in the input layer of the ANN model is 69., 
    ",[''],2303.10776v2,,1.0,0.933144666583973,0.9999999999,1.0,0.8568432222524103
 What are the dimensions of the calorimeter towers in the ECAL and HCAL? How many layers of absorbers are there in the HCAL? What is the sampling fraction for the ECAL and HCAL?,"The dimensions of the calorimeter towers in the ECAL (Electromagnetic Calorimeter) and HCAL (Hadron Calorimeter) vary depending on the specific detector design and experiment. However, typical dimensions for the ECAL towers are on the order of a few centimeters in width and depth, and several tens of centimeters in length. For the HCAL, the towers are generally larger, with dimensions on the order of tens of centimeters in width, depth, and length.

The HCAL typically consists of multiple layers of absorbers, with the exact number of layers depending on the specific detector design. However, a common configuration for the HCAL includes several layers of absorbers interleaved with layers of active material for detecting the energy deposited by particles.

The sampling fraction for a calorimeter is the ratio of the energy deposited in the active material to the total energy of the incident particle. For the ECAL, the sampling fraction is typically on the order of 10-20%, meaning that only a small fraction of the incident particle's energy is actually deposited in the active material. For the HCAL, the sampling fraction is generally higher, on the order of 30-50%, due to the larger amount of energy deposited by hadronic particles.",['']," The ECAL towers have an area of 10x10 cm^2. The HCAL has 64 layers of absorbers, with the initial four layers made of tungsten and the subsequent 60 layers made of steel. The sampling fraction for the HCAL is 2.2%, and for the ECAL is 3.0%., 
    ",[''],2310.04442v1,,1.0,0.8727121147254913,0.9999999999,1.0,0.7744896295502132
 What is the invariant F as a function of z and PT at âˆšs= 140 GeV and âˆšs= 45 GeV?,"The invariant F as a function of z and PT at âˆšs= 140 GeV and âˆšs= 45 GeV would depend on the specific physics process being considered. In general, the invariant F can be calculated using the following formula:

F = z * PT * âˆšs

Where:
- z is the fraction of the total energy carried by a particle
- PT is the transverse momentum of the particle
- âˆšs is the center-of-mass energy of the collision

For âˆšs= 140 GeV and âˆšs= 45 GeV, the values of âˆšs would be substituted into the formula to calculate the invariant F for the specific values of z and PT.",['']," The invariant F is not equal to 1/2 and its value depends on both z and PT variables. It is not a constant, as its value varies with different kinematic regions.",[''],2301.11987v1,,1.0,0.8518629589967697,0.0,1.0,0.6649639668809509
 What is the primary focus of the Spin Physics Detector (SPD) at the Nuclotron based Ion Collider facility (NICA)?,The primary focus of the Spin Physics Detector (SPD) at the Nuclotron based Ion Collider facility (NICA) is to study the spin structure of nucleons and nuclei in high-energy collisions. This includes investigating the spin properties of quarks and gluons within nucleons and understanding the role of spin in the strong force interactions between particles. The SPD aims to provide valuable insights into the fundamental properties of matter and the behavior of strong nuclear forces.,['']," The primary focus of the Spin Physics Detector (SPD) at the Nuclotron based Ion Collider facility (NICA) is to study nucleon spin structure in three dimensions and to measure cross-sections and spin asymmetries of hadronic processes sensitive to unpolarized and various polarized (helicity, Sivers, Boer-Mulders) gluon distributions inside the nucleons.,
    ",[''],2304.04604v3,,1.0,0.9877587901673432,0.9999999999,1.0,0.488781670507614
 What is the resolution of the DNN reconstruction for Q2 in the full simulation of the H1 experiment? What is the resolution of the DNN reconstruction for y in the full simulation of the H1 experiment?,"The resolution of the DNN reconstruction for Q2 in the full simulation of the H1 experiment is 0.1 GeV^2, and the resolution of the DNN reconstruction for y in the full simulation of the H1 experiment is 0.01.",['']," The resolution of the DNN reconstruction for Q2 in the full simulation of the H1 experiment is approximately 1.0. 
                            The resolution of the DNN reconstruction for y in the full simulation of the H1 experiment is approximately 1.0 as well.
    ",[''],2110.05505v2,,0.0,0.949694415435268,0.9999999999,1.0,0.7231091758555461
 What are the polarization parameters used to study J/Ïˆ polarization in SIDIS at large PT?,"The polarization parameters used to study J/Ïˆ polarization in SIDIS (semi-inclusive deep inelastic scattering) at large PT (transverse momentum) include the longitudinal polarization parameter Î», the transverse polarization parameter Î»Î¦, and the polarization transfer parameter D. These parameters are used to characterize the polarization of the J/Ïˆ meson produced in the scattering process and provide important information about the underlying dynamics of the interaction.",['']," The polarization parameters used to study J/Ïˆ polarization in SIDIS at large PT are Î», Âµ, and Î½. ",[''],2301.11987v1,,1.0,0.9757417284518,0.0,1.0,0.829702031556705
 What are the primary drivers for developing or utilizing new computing infrastructure for the Electron Ion Collider? What are the biggest challenges currently facing the EIC? What is the role of technologies that are in the early stages of application towards High Energy Physics (HEP) and Nuclear Physics (NP) workflows?,"The primary drivers for developing or utilizing new computing infrastructure for the Electron Ion Collider (EIC) include the need for increased computational power to handle the large amounts of data generated by experiments at the collider, the desire to improve the efficiency and speed of data analysis, and the need to support advanced simulation and modeling techniques for studying high-energy nuclear and particle physics.

The biggest challenges currently facing the EIC include managing and processing the massive amounts of data produced by experiments, ensuring the security and integrity of the data, and integrating and optimizing new technologies and computing infrastructure within the existing framework.

The role of technologies that are in the early stages of application towards High Energy Physics (HEP) and Nuclear Physics (NP) workflows is crucial for advancing the capabilities of the EIC. These technologies, such as quantum computing, machine learning, and advanced data analytics, have the potential to revolutionize data analysis, simulation, and modeling in high-energy and nuclear physics research. By integrating these emerging technologies into the computing infrastructure of the EIC, researchers can enhance their ability to analyze and interpret complex data, improve the accuracy of simulations, and accelerate the pace of scientific discovery in these fields.",['']," Artificial intelligence use cases are one of the primary drivers for developing or utilizing new computing infrastructure for the EIC. The biggest challenges currently facing the EIC include the design and development of future-proof infrastructure, viable both currently and in the next decade when data collection commences. Technologies that are in the early stages of application towards High Energy Physics (HEP) and Nuclear Physics (NP) workflows, such as quantum computing, are important to consider for their possible integration., 
    ",[''],2307.08593v1,,1.0,0.9356830377685188,0.9999999999,1.0,0.8912420546266541
 What is the dimension of the MAPS pixel layer in ITS3 EIC technology?,The dimension of the MAPS pixel layer in ITS3 EIC technology is typically around 50 micrometers.,['']," Dimensions of MAPS pixel layer is 10x10 mm., 
    ",[''],2209.11211v2,,0.0,0.972902328107461,0.0,1.0,0.2175472557350471
" What are the three criteria for constructing the novel SIDIS observable, qâˆ—? What is the expected detector resolution for qâˆ— versus âƒ—PhT?","The three criteria for constructing the novel SIDIS observable, qâˆ—, are:

1. It should be sensitive to the transverse momentum of quarks and gluons inside the nucleon.
2. It should be able to provide information about the spin and flavor structure of the nucleon.
3. It should be measurable with high precision and accuracy using current experimental techniques.

The expected detector resolution for qâˆ— versus âƒ—PhT is that qâˆ— is expected to have a higher resolution compared to âƒ—PhT, as it is specifically designed to be sensitive to the transverse momentum of quarks and gluons inside the nucleon.",['']," The three criteria for constructing the novel SIDIS observable, qâˆ—, are (i) it is purely defined in terms of lab-frame angles and the beam energies; (ii) at small values qâˆ—â‰ªQ, the differential cross section d Ïƒ/dqâˆ—, including spin correlations, still satisfies a rigorous factorization theorem in terms of the standard TMD PDFs and FFs; (iii) it does not dilute the statistical power of the available event sample. The expected detector resolution for qâˆ— versus âƒ—PhT is shown in Fig. 2, where qâˆ— improves over the resolution of PhT/z by an order of magnitude across the strongly confined TMD region qâˆ—, PhT/z<âˆ¼2 GeV.",[''],2209.11211v2,,1.0,0.926133483108054,0.9999999999,1.0,0.8604463049903088
 What is the significance of the observable qâˆ— in the context of TMD physics? What is the construction of qâˆ— based on? What is the expected improvement in resolution of qâˆ— compared to PhT/z?,"In the context of TMD (Transverse Momentum Dependent) physics, the observable qâˆ— is significant because it provides a way to study the transverse momentum distribution of partons inside hadrons. This is important for understanding the internal structure of hadrons and for making precise predictions for high-energy scattering processes.

The construction of qâˆ— is based on the factorization theorem, which allows for the separation of long-distance and short-distance physics in high-energy scattering processes. This allows for the calculation of qâˆ— using perturbative QCD techniques.

The expected improvement in resolution of qâˆ— compared to PhT/z (the transverse momentum of the hadron) is significant. This is because qâˆ— takes into account the transverse momentum of the partons inside the hadron, providing a more detailed and accurate picture of the parton distribution. This improved resolution is crucial for making precise predictions for processes such as deep inelastic scattering and Drell-Yan production.",['']," The observable qâˆ— is significant in TMD physics as it is designed to be maximally resilient against resolution effects while delivering the same sensitivity to TMD dynamics as âƒ—PhT. The construction of qâˆ— is purely defined in terms of lab-frame angles and the beam energies. It is based on the high-precision reconstruction of polar angles and azimuthal angles in the EIC lab frame. The expected improvement in resolution of qâˆ— compared to PhT/z is an order of magnitude across the strongly confined TMD region qâˆ—, PhT/z<âˆ¼2 GeV.",[''],2209.11211v2,,1.0,0.9063983599910014,0.9999999999,1.0,0.529283210644274
 What is the utility of the different forms of the spin precession vector found in the literature?,"The different forms of the spin precession vector found in the literature have various utilities in the field of physics and engineering. Some of the common utilities include:

1. Analysis of spin dynamics: The spin precession vector is used to analyze the dynamics of spin in various physical systems, such as nuclear magnetic resonance (NMR) and electron spin resonance (ESR). Different forms of the spin precession vector can provide insights into the behavior of spins under the influence of external magnetic fields and other perturbations.

2. Magnetic resonance imaging (MRI): In the field of medical imaging, the spin precession vector is used to understand the behavior of nuclear spins in the presence of a magnetic field, which is the basis for MRI technology. Different forms of the spin precession vector can help in optimizing MRI sequences and improving image quality.

3. Quantum computing: The spin precession vector is also relevant in the field of quantum computing, where spins are used as qubits. Different forms of the spin precession vector can be utilized to manipulate and control the spin states of qubits, which is essential for performing quantum operations and algorithms.

4. Material science and solid-state physics: The spin precession vector is important for studying the behavior of spins in materials and solid-state systems. Different forms of the spin precession vector can be used to investigate magnetic properties, spin transport, and spin dynamics in various materials, such as semiconductors and magnetic materials.

Overall, the different forms of the spin precession vector have diverse utilities in understanding and manipulating spin behavior in various physical systems, and they play a crucial role in advancing research and technology in fields such as physics, engineering, and medicine.",['']," The different forms of the spin precession vector are useful for fast first-order spin tracking and for deriving spin matching conditions in the Electron Storage Ring (ESR) of the Electron-Ion Collider (EIC).,
    ",[''],2112.07607v3,,1.0,0.9443760740011368,0.9999999999,1.0,0.9154714582034827
 What are the two types of wakefields that drive single-bunch loss of Landau damping (LLD) and coupled-bunch instabilities (CBI)?,The two types of wakefields that drive single-bunch loss of Landau damping (LLD) and coupled-bunch instabilities (CBI) are resistive wall wakefields and inductive impedance wakefields.,['']," The two types of wakefields that drive single-bunch loss of Landau damping (LLD) are short-range wakefields excited at any geometry change of the beam pipe (broadband impedance). The two types of wakefields that drive coupled-bunch instabilities (CBI) are long-range wakefields induced in the resonant structures with narrow-band impedance., 
    ",[''],2309.06638v1,,0.5,0.9626608565043622,0.0,1.0,0.6123715385301494
 What is the maximum gradient on the electrodes in the DC gun design parameters? What is the peak current in the DC gun design parameters? What is the gap voltage in the DC gun design parameters?,The maximum gradient on the electrodes in the DC gun design parameters is typically around 10 MV/m (megavolts per meter). The peak current in the DC gun design parameters is typically around 100 mA (milliamperes). The gap voltage in the DC gun design parameters is typically around 500 kV (kilovolts).,['']," The maximum gradient on the electrodes in the DC gun design parameters is 9.4 MV/m. The peak current in the DC gun design parameters is 4.5 A. The gap voltage in the DC gun design parameters is 350 kV.,
  ",[''],2112.03042v1,,1.0,0.9133608642544304,0.0,1.0,0.7371179771526137
 What is the process that the azimuthal asymmetries in J/Ïˆ-photon production in the electron-proton scattering process probe?,"The azimuthal asymmetries in J/Ïˆ-photon production in the electron-proton scattering process probe the parton distribution functions (PDFs) of the proton. These PDFs describe the momentum and spatial distributions of quarks and gluons within the proton, and the azimuthal asymmetries provide information about how these partons are distributed and how they interact during the scattering process. By studying these asymmetries, researchers can gain insights into the internal structure of the proton and the dynamics of the strong force interactions between its constituent partons.",[''], The azimuthal asymmetries in J/Ïˆ-photon production in the electron-proton scattering process probe the Î³âˆ—+gâ†’J/Ïˆ+Î³ process.,[''],2211.08709v1,,1.0,0.958618007581506,0.0,1.0,0.5266126200346344
 What are the two types of gluon TMDs that have attracted a lot of interest in the last few years? What is the process in which the linearly polarized gluon TMD causes azimuthal asymmetries?,"The two types of gluon transverse momentum dependent distributions (TMDs) that have attracted a lot of interest in the last few years are the unpolarized gluon TMD and the linearly polarized gluon TMD.

The process in which the linearly polarized gluon TMD causes azimuthal asymmetries is through the interaction of the polarized gluon with a transversely polarized proton or nucleus. This interaction leads to a correlation between the transverse momentum of the gluon and the spin of the proton or nucleus, resulting in azimuthal asymmetries in the final state particles produced in high-energy collisions. These asymmetries provide valuable information about the spin and transverse momentum structure of the proton and the gluon TMDs.",[''], The two types of gluon TMDs that have attracted a lot of interest in the last few years are linearly polarized gluon distribution and the gluon Sivers function. The linearly polarized gluon TMD causes azimuthal asymmetries in the unpolarized electron-proton scattering process.,[''],2211.08709v1,,1.0,0.9037777641585408,0.9999999999,1.0,0.8020674301619831
 What is the process dependence of the gluon TMDs? How many gauge links are present in the gluon TMDs? What is the expected sign of the Sivers function in a SIDIS process compared to its observation in a Drell-Yan process?,"The process dependence of the gluon Transverse Momentum Dependent Distributions (TMDs) refers to the fact that these distributions can vary depending on the specific process under consideration. For example, the gluon TMDs in a Drell-Yan process (where a quark and antiquark annihilate to produce a lepton-antilepton pair) may differ from those in a Semi-Inclusive Deep Inelastic Scattering (SIDIS) process (where a lepton scatters off a hadron and produces an additional hadron in the final state).

The gluon TMDs involve two gauge links, which represent the non-local nature of the parton distributions and the interactions between the partons.

The Sivers function, which describes the correlation between the transverse spin of a nucleon and the transverse momentum of its partons, is expected to have a different sign in SIDIS compared to its observation in a Drell-Yan process. In SIDIS, the Sivers function is expected to have a positive sign, meaning that the transversely polarized nucleon tends to have more quarks with momentum in the direction opposite to the nucleon's transverse spin. In contrast, in Drell-Yan processes, the Sivers function has been observed to have a negative sign, indicating an opposite correlation between the transverse spin of the nucleon and the transverse momentum of its partons.",['']," The process dependence of the gluon TMDs is more involved due to the presence of two gauge links. The Sivers function observed in a SIDIS process is expected to have opposite sign as compared with its observation in a Drell-Yan process, due to the difference in the gauge link structure or initial/final state effects., 
    ",[''],2211.08709v1,,1.0,0.8857081261952636,0.9999999999,1.0,0.6381217923688904
 What are the dimensions of the aperture of the IR quadrupole and dipole coils? What is the field gradient of the IR quadrupole? What is the field of the IR dipole?,"The dimensions of the aperture of the IR quadrupole and dipole coils can vary depending on the specific design and application. However, typical dimensions for the aperture of an IR quadrupole coil might be on the order of a few millimeters to a few centimeters, while the aperture of an IR dipole coil might be larger, on the order of several centimeters to tens of centimeters.

The field gradient of the IR quadrupole is typically on the order of tens to hundreds of tesla per meter (T/m), depending on the specific design and operating parameters.

The field of the IR dipole is typically on the order of a few tesla, again depending on the specific design and operating parameters.",['']," The aperture of the IR quadrupole coil is 270 mm and the aperture of the IR dipole coil is 310 mm. The field gradient of the IR quadrupole is 77.96 T/m. The field of the IR dipole is 12.52 T., 
    ",[''],2305.06775v1,,1.0,0.8922079932809543,0.9999999999,1.0,0.6909928543175545
 What is the process that contributes to the inelastic cross section in lepton-nucleus collisions?,"The inelastic cross section in lepton-nucleus collisions is contributed by the process of deep inelastic scattering (DIS). In this process, the lepton (such as an electron or a neutrino) interacts with a quark inside the nucleus, transferring a large amount of energy and momentum to the quark. This results in the breakup of the nucleus and the production of new particles, leading to an inelastic scattering event. The inelastic cross section is a measure of the probability of such events occurring in lepton-nucleus collisions.",['']," The dominant contribution to the inelastic cross section in lepton-nucleus collisions is the bremsstrahlung process, where a photon is emitted into the final state.",[''],2307.16245v2,,1.0,0.9787046066732662,0.0,0.0,0.6547743287181644
 What is the purpose of the JSPEC package? What is the new feature added to the JSPEC package?,"The purpose of the JSPEC package is to provide a set of tools and utilities for working with JavaScript code, including parsing, analyzing, and transforming JavaScript programs.

The new feature added to the JSPEC package is the ability to automatically generate documentation for JavaScript code. This feature allows developers to easily create and maintain documentation for their JavaScript projects, making it easier for other developers to understand and work with the code.",['']," The JSPEC package is designed to model magnetized and unmagnetized cooling through friction forces between co-propagating electron and ion bunches. A new feature added to the JSPEC package is the implementation of a Nelder-Mead Simplex optimization algorithm to allow a user to optimize certain beam parameters in order to achieve a target cooling time., 
    ",[''],2309.16056v1,,1.0,0.9165780128709152,0.9999999999,1.0,0.7050314659756785
 What is the bremsstrahlung process in lepton-nucleus collisions? What is the process used to measure the collider luminosity of HERA?,"The bremsstrahlung process in lepton-nucleus collisions is a type of electromagnetic radiation emitted by a charged particle, such as an electron, as it is deflected by the electric field of an atomic nucleus. This process is important in high-energy physics experiments, as it can lead to the production of high-energy photons and can affect the accuracy of measurements.

The process used to measure the collider luminosity of HERA (Hadron-Electron Ring Accelerator) is called the ""luminosity scan."" This involves varying the separation of the colliding beams and measuring the rate of a known process, such as electron-positron pair production, as a function of the beam separation. By analyzing the data from these scans, physicists can determine the luminosity of the collider, which is a measure of the rate at which particles are colliding.",[''], The bremsstrahlung process in lepton-nucleus collisions is where a photon is emitted into the final state. It can be calculated to high precision and is used to measure the collider luminosity of HERA.,[''],2307.16245v2,,1.0,0.9083628773702238,0.9999999999,1.0,0.8370882698264772
 What are the key research directions for RF technology R&D in the next decade?,"1. Advanced materials and components: Research into new materials and components for RF technology, such as advanced semiconductors, dielectrics, and antennas, will be crucial for improving performance and efficiency.

2. Millimeter-wave and terahertz technology: With the increasing demand for high-speed wireless communication and sensing, research into millimeter-wave and terahertz technology will be important for developing next-generation RF systems.

3. Cognitive radio and dynamic spectrum access: Research into cognitive radio and dynamic spectrum access will be important for improving spectrum efficiency and enabling more flexible and adaptive RF systems.

4. Energy-efficient RF systems: With the growing focus on energy efficiency and sustainability, research into energy-efficient RF systems, such as low-power transmitters and energy-harvesting techniques, will be important.

5. RF system integration and miniaturization: Research into RF system integration and miniaturization will be important for developing compact and portable RF devices for a wide range of applications.

6. Security and reliability: Research into security and reliability of RF systems will be important for ensuring the integrity and resilience of wireless communication and sensing systems.

7. 5G and beyond: Research into 5G and beyond will be important for developing the next generation of wireless communication systems with higher data rates, lower latency, and improved reliability.

8. RF for IoT and smart devices: Research into RF technology for IoT and smart devices will be important for enabling seamless connectivity and communication between a wide range of devices and sensors.

9. RF for healthcare and biomedical applications: Research into RF technology for healthcare and biomedical applications, such as wireless medical devices and implantable sensors, will be important for improving healthcare delivery and monitoring.

10. RF for space and satellite communication: Research into RF technology for space and satellite communication will be important for enabling high-speed and reliable communication for space exploration and satellite-based services.",['']," The key research directions for RF technology R&D in the next decade include studies to push performance of niobium and improve understanding of SRF losses and ultimate quench fields, developing methods for nano-engineering the niobium surface layer, investigations of new SRF materials beyond niobium, developing advanced SRF cavity geometries, research on application of SRF technology to dark sector searches, R&D on high-gradient normal conducting RF structures, development of higher gradient normal conducting cavities in exotic environments, and studies dedicated to industrialization and cost reduction of fabricating RF components and systems.,
    ",[''],2208.12368v1,,1.0,0.912716068750259,0.9999999999,1.0,0.607993277608227
 What are the contributions to the total three-momentum resolution for spectator protons? What is the total resolution?,"The contributions to the total three-momentum resolution for spectator protons include:

1. Detector resolution: This is the contribution from the inherent limitations of the detector system in accurately measuring the momentum of the spectator protons.

2. Multiple scattering: This is the contribution from the scattering of particles as they pass through the material of the detector, leading to uncertainties in the measurement of their momentum.

3. Energy loss fluctuations: This is the contribution from the fluctuations in the energy loss of the spectator protons as they pass through the detector material, leading to uncertainties in the measurement of their momentum.

The total resolution is the combination of these contributions, and it is typically expressed as the root-sum-square of the individual contributions.",['']," The contributions to the total three-momentum resolution for spectator protons are from detectors only, angular divergence only, p/p only, Î”Beam, and all effects. The total resolution is 0.5 GeV/c.
    ",[''],2108.08314v1,,1.0,0.957611576272706,0.9999999999,1.0,0.8450392808664084
 What is the purpose of the Color Glass Condensate (CGC) effective theory?,"The purpose of the Color Glass Condensate (CGC) effective theory is to provide a framework for understanding the behavior of high-energy nuclear collisions, particularly in the context of quantum chromodynamics (QCD). The CGC effective theory describes the dense gluon fields that are present in the nuclei at high energies, and it allows for the calculation of various observables and phenomena that arise in these collisions, such as particle production and the formation of quark-gluon plasma. By providing a theoretical framework for studying these processes, the CGC effective theory helps to deepen our understanding of the fundamental forces and particles that govern the behavior of nuclear matter at extreme energies.",['']," The Color Glass Condensate (CGC) effective theory is used to describe the nonlinear QCD phenomena that can be observed at high energies, such as the proton structure function, and to study the gluon density in nuclei at small-x regions., 
    ",[''],2202.05981v2,,1.0,0.985622256879579,0.9999999999,1.0,0.8996628382081865
 What is the range of luminosity for the Electron Ion Collider (EIC)?,"The Electron Ion Collider (EIC) is expected to have a wide range of luminosity, from 10^33 to 10^34 cm^-2 s^-1. This high luminosity will allow for precise measurements of various nuclear and particle physics phenomena.",['']," The luminosity for the Electron Ion Collider (EIC) will be about 10^33âˆ¼10^34cmâˆ’2sâˆ’1., 
    ",[''],2306.02357v1,,1.0,0.971421680538893,0.0,0.0,0.7304145375549718
 What is the proposed beam energy for the incoming electron and incoming proton at EicC and EIC?,"The proposed beam energy for the incoming electron at EicC and EIC is 18 GeV, and for the incoming proton, it is 275 GeV.",['']," The proposed beam energy for the incoming electron and incoming proton at EicC is Ee= 3.5 GeV, Ep= 20 GeV. At EIC, it is Ee= 5 GeV, Ep= 100 GeV., 
    ",[''],2306.02357v1,,0.0,0.9703586043197184,0.9999999999,1.0,0.8317338455893468
 What is the method of accessing GPDs from lattice QCD simulations? What is the advantage of this method?,"The method of accessing Generalized Parton Distributions (GPDs) from lattice QCD simulations involves using numerical simulations of QCD on a discrete space-time lattice to calculate the relevant correlation functions. These correlation functions are then used to extract the GPDs through a process known as ""lattice QCD analysis.""

The advantage of this method is that it provides a first-principles, non-perturbative approach to studying GPDs, which are important quantities for understanding the internal structure of hadrons. Lattice QCD simulations allow for the calculation of GPDs directly from the fundamental theory of the strong interaction, without relying on model assumptions or phenomenological input. This makes the method particularly valuable for providing reliable predictions and insights into the behavior of GPDs in the non-perturbative regime of QCD.",['']," The method relies on the quasi-distribution method of Ji, but a novel aspect is to perform calculations in asymmetric frames of reference. This offers a major advantage of obtaining several values of momentum transfer from a single calculation, by attributing the momentum transfer entirely to the source nucleon state., 
    ",[''],2304.14970v1,,1.0,0.8798266799728581,0.9999999999,1.0,0.6948393967980357
 What are the conditions for the applicability of the two-tensor-pomeron model to deeply virtual Compton scattering (DVCS)? What is the model used for large Î³âˆ—p centre-of-mass energy and small Bjorken-x?,"The two-tensor-pomeron model is applicable to deeply virtual Compton scattering (DVCS) under the following conditions:

1. Large Î³âˆ—p centre-of-mass energy: The model is applicable when the virtual photon-proton centre-of-mass energy is large, meaning that the energy of the virtual photon and the proton in the initial state is high.

2. Small Bjorken-x: The model is also applicable when the Bjorken-x variable, which represents the fraction of the proton's momentum carried by the struck quark, is small.

The model used for large Î³âˆ—p centre-of-mass energy and small Bjorken-x is the two-tensor-pomeron model. This model describes the scattering process in terms of two tensor-pomeron exchanges, which are Regge poles with spin-2 quantum numbers. These exchanges are used to describe the high-energy behavior of scattering amplitudes in the context of quantum chromodynamics (QCD).",['']," The two-tensor-pomeron model can be used for large Î³âˆ—p centre-of-mass energy Wâ‰«mp,âˆš|t|,|t|â‰²1 GeV2, and small Bjorken-x, say x=Q2/(W2+Q2âˆ’m2p)<0.02., 
    ",[''],2208.12693v2,,1.0,0.9384050848384132,0.9999999999,1.0,0.913845996939667
 What is the assumed pseudo-rapidity range for the EIC detector? What is the lowest transverse momentum set to be? What condition is applied to ensure the applicability of TMD factorization?,"The assumed pseudo-rapidity range for the EIC detector is -4.5 < Î· < 4.5. The lowest transverse momentum is set to be 0.2 GeV/c. To ensure the applicability of TMD factorization, a condition is applied that the transverse momentum of the detected hadron is much smaller than the hard scale of the process.",['']," The assumed EIC detector will cover the full azimuth in a finite pseudo-rapidity range -3.5 < Î· < 3.5. The lowest transverse momentum is set to be 0.1 GeV. To ensure the applicability of TMD factorization, the condition, PhâŠ¥/z < Q/4 is also applied., 
    ",[''],2108.05383v2,,0.0,0.904405039325944,0.9999999999,1.0,0.7302115061490094
 What is the energy dependence of the total cross section for real Compton scattering at Q2=0? What is the energy dependence of the total cross section for very high Q2?,"The energy dependence of the total cross section for real Compton scattering at Q2=0 is given by the Thomson scattering formula, which is proportional to the square of the energy of the incident photon.

For very high Q2, the energy dependence of the total cross section is dominated by the parton distribution functions (PDFs) of the target nucleon, and is described by perturbative QCD calculations. The cross section is expected to decrease with increasing energy due to the decrease in the PDFs at high momentum transfer.",['']," The total cross section for real Compton scattering at Q2=0 is dominated by soft-pomeron exchange with an additional contribution from reggeon exchange at lower energies. The cross sections rise with energy as W^2Ç«1 at Q2=0 and change to W^2Ç«0 for very high Q2. Here, Ç«1â‰ˆ0.09 and Ç«0â‰ˆ0.30 are the intercept parameters of the soft and hard pomerons, respectively., 
    ",[''],2208.12693v2,,1.0,0.942008810549942,0.9999999999,1.0,0.723367276729044
 What is the method used to extract the diï¬€ractive longitudinal structure function?,"The method used to extract the diffractive longitudinal structure function is typically through the analysis of deep inelastic scattering (DIS) data. This involves measuring the scattering of high-energy leptons (such as electrons or muons) off a target, and then analyzing the resulting data to extract information about the diffractive longitudinal structure function. This can involve fitting the data to theoretical models and using various statistical and computational techniques to extract the relevant information.",['']," The extraction of the diï¬€ractive longitudinal structure function FD(3) L is performed using the same method as in the H1 analysis [22]. This method was adapted from the measurements of the inclusive longitudinal structure function FL, see [52â€“54]. The reduced cross section is a linear function of YL, see Eq. (8). The structure function FD(3) L can thus be found by performing a linear ï¬t, and extracting the slope of ÏƒD(3) red as a function of YL., 
    ",[''],2112.06839v2,,1.0,0.926023581899488,0.9999999999,1.0,0.6626578882434297
 What is the purpose of the Î¶-prescription for the dijet soft function evolution kernel? What is the perturbative solution for the small-b region?,"The purpose of the Î¶-prescription for the dijet soft function evolution kernel is to resum large logarithms that arise in the perturbative calculation of the soft function. These large logarithms come from the emission of soft gluons in the process of dijet production, and they can lead to large corrections to the perturbative calculation if not properly resummed.

The perturbative solution for the small-b region of the dijet soft function evolution kernel involves calculating the leading-order and next-to-leading order contributions to the soft function in the limit where the transverse momentum of the emitted gluon is much smaller than the transverse momentum of the jets. This involves resumming logarithms of the form Î±s^n log^m(b/Q), where Î±s is the strong coupling constant, b is the impact parameter, and Q is the characteristic scale of the process. The perturbative solution in the small-b region allows for a more accurate prediction of the dijet production cross section at high-energy colliders.",['']," The purpose of the Î¶-prescription for the dijet soft function evolution kernel is to choose the initial scale Î¶i as a function of Âµ and b so that the SF does not depend on the initial scale Âµi. The perturbative solution for the small-b region is given by Î¶Î³gÂµ,pert(b) = (Âµ/Âµ0)^(2CF/CA) * Î¶Î³g0 * exp(-gÎ³g(as,DS)/DS) and Î¶Î³fÂµ,pert(b) = (Âµ/Âµ0)^(CF+CA/CF) * Î¶Î³f0 * exp(-gÎ³f(as,DS)/DS),
    ",[''],2111.03703v2,,1.0,0.9231016116808104,0.9999999999,1.0,0.7234171170959001
 What is the role of the scattered leading electron in electron-proton scattering events? What is the significance of the measurement of the scattered leading electron?,"The scattered leading electron in electron-proton scattering events plays a crucial role in providing information about the internal structure of the proton. When an electron scatters off a proton, the scattered leading electron carries information about the distribution of charge and magnetization within the proton.

The measurement of the scattered leading electron is significant because it allows scientists to probe the internal structure of the proton and study its properties such as its size, shape, and distribution of charge and magnetization. This information is important for understanding the fundamental building blocks of matter and the strong force that holds them together. Additionally, studying the scattered leading electron can provide insights into the behavior of quarks and gluons within the proton, which are the fundamental particles that make up protons. Overall, the measurement of the scattered leading electron in electron-proton scattering events is essential for advancing our understanding of the fundamental forces and particles in the universe.",['']," The scattered leading electron provides a clean electromagnetic probe of the inner structure of hadrons and nuclei. The measurement of the scattered leading electron plays a critical role in advancing the understanding of the structure of hadrons, probing cold nuclear matter effects, and searching for physics beyond the Standard Model., 
    ",[''],2310.16308v1,,1.0,0.9273477620681382,0.9999999999,1.0,0.7297145875626971
 What is the center-of-mass energy of the LHeC? What is the electron beam energy at the LHeC? What is the proton beam energy at the LHeC?,"The center-of-mass energy of the Large Hadron-electron Collider (LHeC) is expected to be around 1.3 TeV. The electron beam energy at the LHeC is expected to be around 60 GeV, while the proton beam energy is expected to be around 7 TeV.",['']," The center-of-mass energy of the LHeC is 1.2, 1.3 TeV. The electron beam energy at the LHeC is 50, 60 GeV. The proton beam energy at the LHeC is 7 TeV., 
    ",[''],2202.08286v1,,1.0,0.8832054331135882,0.0,1.0,0.7960237250236969
 What is the hard scale set by the virtuality of the exchanged photon in the DVCS subprocess?,"The hard scale set by the virtuality of the exchanged photon in the DVCS (Deeply Virtual Compton Scattering) subprocess is typically set by the momentum transfer Q^2, which represents the virtuality of the exchanged photon. This scale is important for understanding the kinematics and dynamics of the DVCS process and is often used in theoretical calculations and experimental analyses.",['']," The hard scale is set by the virtuality of the exchanged photon, which is given by -q^2 = -(k-k')^2.",[''],2108.03426v3,,1.0,0.921778743150964,0.0,1.0,0.8229815196027876
 What is the purpose of the Polarized Atomic Hydrogen Gas Jet Target polarimeter at RHIC? What is the anticipated systematic uncertainty in the measured 3He beam polarization at the Electron-Ion Collider (EIC)?,"The purpose of the Polarized Atomic Hydrogen Gas Jet Target polarimeter at RHIC is to measure the polarization of the 3He beam. This is important for understanding the behavior of the beam and for ensuring the accuracy of experimental results at RHIC.

The anticipated systematic uncertainty in the measured 3He beam polarization at the Electron-Ion Collider (EIC) is expected to be on the order of a few percent. This uncertainty arises from various sources, including the accuracy of the polarimeter measurements, the stability of the beam polarization over time, and the effects of the experimental environment on the polarization measurement. Efforts are being made to minimize these uncertainties in order to obtain the most accurate measurement of the 3He beam polarization at the EIC.",['']," The Polarized Atomic Hydrogen Gas Jet Target polarimeter at RHIC is used to measure the absolute proton beam polarization, Ïƒsyst P/Pâ‰²0.5%. The anticipated systematic uncertainty in the measured 3He beam polarization at the Electron-Ion Collider (EIC) can satisfy the EIC requirement Ïƒsyst P/Pâ‰²1%., 
    ",[''],2207.09420v2,,1.0,0.9249238202943372,0.9999999999,1.0,0.859404273710947
 What is the dimension of the sTGC gas chambers? How many chambers were built at Shandong University in China? What is the gas mixture used for operating the chambers?,"The dimension of the sTGC gas chambers is not specified in the provided information. However, it is mentioned that Shandong University in China built 16 sTGC gas chambers. The gas mixture used for operating the chambers is typically a combination of argon and carbon dioxide.",['']," The sTGC gas chambers are pentagonal shaped with double-sided and diagonal strips, providing x, y, and u coordinates. Sixteen chambers and about 5 spare chambers were built at Shandong University in China. The gas mixture used for operating the chambers is n-Pentane and CO2 at a ratio of 45%55% by volume., 
    ",[''],2302.00605v1,,0.0,0.8852204509791863,0.9999999999,1.0,0.6052938839085771
 What is the maximum drift length for an electron in the sPHENIX TPC?,The maximum drift length for an electron in the sPHENIX TPC (Time Projection Chamber) is approximately 50 cm.,['']," The maximum drift length for an electron in the sPHENIX TPC is 1.05 m in z., 
    ",[''],2212.05541v1,,1.0,0.9837487757316986,0.9999999999,1.0,0.7212831172466352
 What are the dimensions of the sPHENIX TPC? What is the gas mixture used in the TPC?,The sPHENIX TPC has a cylindrical shape with a diameter of 2.5 meters and a length of 2.5 meters. The gas mixture used in the TPC is typically a combination of argon and carbon dioxide.,['']," The sPHENIX TPC covers 20 cm <r< 78 cm and the gas mixture used is 50% neon with 50% CF4., 
    ",[''],2212.05541v1,,0.5,0.90441148726661,0.0,1.0,0.5215324456699406
 What is the dimension of the SiPM-on-tile technology used in the Few-Degree Calorimeter (FDC)? How many layers of SiPM-on-tile technology are used in the FDC?,The SiPM-on-tile technology used in the Few-Degree Calorimeter (FDC) has a dimension of 1.5 x 1.5 mm. The FDC uses two layers of SiPM-on-tile technology.,['']," The SiPM-on-tile technology used in the FDC has a dimension of 10x10 mm. There are a total of 20 layers of SiPM-on-tile technology in the FDC., 
    ",[''],2307.12531v1,,0.5,0.951434206655919,0.9999999999,1.0,0.7298454585380291
 What is the sampling fraction for the HCal insert?,The sampling fraction for the HCal insert is the ratio of the number of events sampled by the HCal insert to the total number of events in the sample. This fraction can vary depending on the specific experimental setup and data collection methods.,['']," The sampling fraction for the HCal insert is 0.9%., 
    ",[''],2208.05472v2,,0.0,0.9826559522837398,0.0,0.0,0.5955157948213341
 What are the advantages of using certain forms of the spin precession vector in the Electron Storage Ring (ESR) of the Electron-Ion Collider (EIC)? How are different forms of the spin precession vector related? What is the utility of the form of the spin precession vector?,"The spin precession vector in the Electron Storage Ring (ESR) of the Electron-Ion Collider (EIC) has several advantages in terms of understanding and controlling the spin dynamics of particles in the collider.

One advantage of using certain forms of the spin precession vector is that it allows for a more comprehensive understanding of the spin dynamics of particles in the ESR. Different forms of the spin precession vector, such as the Thomas-Bargmann-Michel-Telegdi (TBMT) equation and the Bargmann-Michel-Telegdi (BMT) equation, provide different perspectives on the spin dynamics and can be used to study different aspects of the spin motion.

The different forms of the spin precession vector are related through mathematical transformations and can be used interchangeably to describe the spin dynamics of particles in the ESR. For example, the BMT equation can be derived from the TBMT equation by neglecting certain terms, and both equations describe the precession of the spin vector in a magnetic field.

The utility of the form of the spin precession vector lies in its ability to provide a framework for understanding and controlling the spin dynamics of particles in the ESR. By using different forms of the spin precession vector, researchers can gain insights into the behavior of particle spins in the collider and develop strategies for manipulating and controlling the spin dynamics for various experimental purposes. This can be particularly important in experiments where precise control over the spin dynamics is necessary, such as in studies of fundamental particle properties or in precision measurements of spin-dependent processes.",[''], The advantages of using certain forms of the spin precession vector in the Electron Storage Ring (ESR) of the Electron-Ion Collider (EIC) include the ability to elegantly show the amplified spin rotation with velocity vector rotation and the usefulness for fast first-order spin tracking. Different forms of the spin precession vector are related by substitution of the equations of motion. The form of the spin precession vector in Eq. (15) is useful for fast first-order spin tracking.,[''],2112.07607v3,,0.5714285714285714,0.9455816134107621,0.9999999999,1.0,0.6093091918124038
